['#maintop', '#nav', '#footer', '#meta-menu', '#top', '/', 'https://www.fau.de/people/gender-diversity-familie/', 'https://univis.fau.de', 'https://www.fau.eu/fau/finding-your-way-around-contacts-and-directions/', 'https://www.fau.eu/people/working-at-fau/', '/', '#nav', '#top', 'https://www.fau.eu/fau/', 'https://www.fau.eu/fau/news/', 'https://www.fau.eu/fau/welcome-to-fau/', 'https://www.fau.eu/fau/strategy-and-objectives/', 'https://www.fau.eu/fau/history-and-remembrance/', 'https://www.fau.eu/fau/campus-locations-at-fau/', 'https://www.fau.eu/fau/site-development-at-fau/', 'https://www.fau.eu/fau/organisation-and-committees/', 'https://www.fau.eu/fau/legal-regulations/', 'https://www.fau.eu/fau/finding-your-way-around-contacts-and-directions/', 'https://www.fau.eu/fau/faculties-and-organisational-units/', 'https://www.fau.eu/fau/faculties-and-organisational-units/faculties/', 'https://www.fau.eu/fau/faculties-and-organisational-units/universitatsklinikum-erlangen/', 'https://www.fau.eu/fau/faculties-and-organisational-units/organisational-units/', 'https://www.fau.eu/fau/faculties-and-organisational-units/collaboration-and-partnerships/', 'https://www.fau.eu/fau/', 'https://www.fau.eu/people/', 'https://www.fau.eu/people/students/', 'https://www.fau.eu/people/employees/', 'https://www.fau.eu/people/researchers/', 'https://www.fau.eu/alumni/', 'https://www.fau.eu/people/working-at-fau/', 'https://jobs.fau.de', 'https://www.fau.eu/people/working-at-fau/professorships/', 'https://www.fau.eu/people/working-at-fau/energy-technology-and-technical-building-services/', 'https://www.fau.eu/people/working-at-fau/vocational-training-at-fau/', 'https://www.fau.eu/people/working-at-fau/training-and-career-development-at-fau/', 'https://www.fau.eu/people/gender-diversity-family/', 'https://www.fau.eu/people/new-at-fau-onboarding-incoming/', 'https://www.fau.eu/people/offboarding-outgoing/', 'https://www.fau.eu/people/', 'https://www.fau.eu/education/', 'https://meinstudium.fau.de/en/home/', 'https://www.fau.eu/education/degree-programmes/', 'https://www.fau.eu/education/application-and-enrolment/', 'https://www.fau.eu/education/international/from-abroad/application-and-enrolment/', 'https://www.fau.eu/education/advice-and-services/', 'https://www.fau.eu/education/study-organisation/', 'https://www.fau.eu/education/study-organisation/student-a-z/', 'https://www.fau.eu/education/study-organisation/semester-dates/', 'https://www.fau.eu/education/study-organisation/re-registration/', 'https://www.fau.eu/education/study-organisation/manage-your-studies-online/', 'https://www.fau.eu/start-of-the-semester/', 'https://www.fau.de/fau/rechtsgrundlagen/pruefungsordnungen/', 'https://www.fau.eu/education/international/', 'https://www.fau.eu/education/international/from-abroad/', 'https://www.fau.eu/education/international/going-abroad/', 'https://www.fau.eu/education/student-life/', 'https://www.fau.eu/education/teaching-at-fau/', 'https://www.fau.eu/education/teaching-at-fau/quality-management-in-teaching-and-studying/', 'https://www.fau.eu/education/information-for-parents/', 'https://www.fau.eu/education/', 'https://www.fau.eu/research/', 'https://www.fau.eu/research/research-profile/', 'https://www.fau.eu/research/research-profile/fau-key-research-priorities/', 'https://www.fau.eu/research/research-profile/research-focus-areas-at-the-faculties/', 'https://www.fau.eu/research/research-profile/rankings/', 'https://www.fau.eu/research/collaborative-research/', 'https://www.fau.eu/research/collaborative-research/eu-collaborative-projects/', 'https://www.fau.eu/research/collaborative-research/dfg-projects/', 'https://www.fau.eu/research/collaborative-research/federal-projects/', 'https://www.fau.eu/research/collaborative-research/bavarian-research-associations/', 'https://www.fau.eu/research/outstanding-individual-research/', 'https://www.fau.eu/research/outstanding-individual-research/gottfried-wilhelm-leibniz-prize/', 'https://www.fau.eu/research/outstanding-individual-research/alexander-von-humboldt-professorship/', 'https://www.fau.eu/research/outstanding-individual-research/european-research-council-grants/', 'https://www.fau.eu/research/outstanding-individual-research/heinz-maier-leibnitz-prize/', 'https://www.fau.eu/research/research-projects-and-partnerships/', 'https://www.fau.eu/research/research-projects-and-partnerships/max-planck-institutes/', 'https://www.fau.eu/research/research-projects-and-partnerships/fraunhofer-institutes/', 'https://www.fau.eu/research/research-projects-and-partnerships/helmholtz-institute-erlangen-nurnberg/', 'https://www.fau.eu/research/research-projects-and-partnerships/energie-campus-nurnberg/', 'https://www.fau.eu/research/research-projects-and-partnerships/nuremberg-campus-of-technology/', 'https://www.fau.eu/research/research-projects-and-partnerships/medical-valley/', 'https://www.fau.eu/research/welcome-centre/', 'https://www.fau.eu/graduate-centre/', 'https://www.fau.eu/graduate-centre/doctoral-degrees/', 'https://www.fau.eu/graduate-centre/postdoctoral-researchhabilitation/', 'https://www.fau.eu/research/services-for-researchers/', 'https://www.fau.eu/research/services-for-researchers/funding-advice-and-submitting-applications/', 'https://www.fau.eu/research/services-for-researchers/publishing-and-open-access/', 'https://www.fau.eu/research/services-for-researchers/research-information-system/', 'https://www.fau.eu/research/services-for-researchers/science-communication/', 'https://www.fau.eu/research/services-for-researchers/fauconnect/', 'https://www.fau.eu/research/responsible-research/', 'https://www.fau.eu/research/', 'https://www.fau.eu/outreach/', 'https://www.fau.eu/outreach/events/', 'https://www.fau.eu/outreach/inventions-and-patents/', 'https://www.fau.eu/outreach/inventions-and-patents/intellectual-property-ip-policy-of-fau/', 'https://www.fau.eu/outreach/inventions-and-patents/service-for-inventors/', 'https://www.fau.eu/outreach/innovation-and-start-ups/', 'https://www.fau.eu/outreach/innovation-and-start-ups/partnerships/', 'https://www.fau.eu/outreach/innovation-and-start-ups/innovation-platforms-and-networks/', 'https://www.fau.eu/outreach/innovation-and-start-ups/successful-start-ups/', 'https://www.fau.eu/outreach/professional-development/', 'https://www.fau.eu/outreach/donations/', 'https://www.fau.eu/fau-innovation-fund/', 'https://www.fau.eu/outreach/donations/deutschlandstipendium-germany-scholarship/', 'https://www.fau.eu/outreach/fau-for-companies-and-organisations/', 'https://www.fau.eu/outreach/science-for-citizens/', 'https://shop.fau.de', 'https://www.fau.eu/press/', 'https://www.fau.eu/outreach/', 'https://www.fau.eu/corona/', 'https://www.fau.eu/', 'https://www.fau.eu/people/', 'https://www.fau.eu/university/welcome-to-fau/mission-fau/', 'https://www.gender-und-diversity.fau.de/gender/geschlechtersensible-sprache/', 'https://www.gender-und-diversity.fau.de/chancengleichheit/', 'https://www.gender-und-diversity.fau.de/', 'https://www.fau.eu/people/gender-diversity-family/complaints-procedure-in-the-event-of-discrimination-harassment-and-sexual-harassment/', 'https://www.fau.eu/2022/10/25/stem-scientists/why-women-need-a-vision/', 'https://www.fau.eu/2022/10/25/stem-scientists/why-women-need-a-vision/', 'https://www.fau.eu/category/stem-scientists/', 'https://www.fau.eu/2022/10/25/stem-scientists/it-all-started-with-icebreakers-on-the-baltic-sea/', 'https://www.fau.eu/2022/10/25/stem-scientists/it-all-started-with-icebreakers-on-the-baltic-sea/', 'https://www.fau.eu/category/stem-scientists/', 'https://www.fau.eu/2022/10/25/stem-scientists/its-not-possible-to-plan-your-career-strategically/', 'https://www.fau.eu/2022/10/25/stem-scientists/its-not-possible-to-plan-your-career-strategically/', 'https://www.fau.eu/category/stem-scientists/', 'https://www.fau.eu/2022/10/24/stem-scientists/i-was-allowed-to-install-power-sockets-at-home-even-when-i-was-still-a-child/', 'https://www.fau.eu/2022/10/24/stem-scientists/i-was-allowed-to-install-power-sockets-at-home-even-when-i-was-still-a-child/', 'https://www.fau.eu/category/stem-scientists/', 'https://www.fau.eu/2022/10/14/stem-scientists/what-mineralogy-and-dentures-have-in-common/', 'https://www.fau.eu/2022/10/14/stem-scientists/what-mineralogy-and-dentures-have-in-common/', 'https://www.fau.eu/category/stem-scientists/', 'https://www.fau.eu/2022/10/14/stem-scientists/my-career-should-also-match-my-political-standpoint/', 'https://www.fau.eu/2022/10/14/stem-scientists/my-career-should-also-match-my-political-standpoint/', 'https://www.fau.eu/category/stem-scientists/', 'https://www.fau.eu/2022/10/14/stem-scientists/for-me-the-human-being-is-the-most-fascinating-machine-in-the-world/', 'https://www.fau.eu/2022/10/14/stem-scientists/for-me-the-human-being-is-the-most-fascinating-machine-in-the-world/', 'https://www.fau.eu/category/stem-scientists/', 'https://www.fau.eu/2022/10/14/stem-scientists/studying-minerals-in-an-ideal-setting-at-fau/', 'https://www.fau.eu/2022/10/14/stem-scientists/studying-minerals-in-an-ideal-setting-at-fau/', 'https://www.fau.eu/category/stem-scientists/', 'https://www.fau.eu/2022/10/14/stem-scientists/women-should-not-shy-away-from-competing-at-the-highest-level/', 'https://www.fau.eu/2022/10/14/stem-scientists/women-should-not-shy-away-from-competing-at-the-highest-level/', 'https://www.fau.eu/category/stem-scientists/', 'https://www.fau.eu/2022/10/14/stem-scientists/japanese-tea-culture-to-relax-from-physics/', 'https://www.fau.eu/2022/10/14/stem-scientists/japanese-tea-culture-to-relax-from-physics/', 'https://www.fau.eu/category/stem-scientists/', 'https://www.fau.eu/2022/10/14/stem-scientists/balancing-both-thin-film-materials-and-family/', 'https://www.fau.eu/2022/10/14/stem-scientists/balancing-both-thin-film-materials-and-family/', 'https://www.fau.eu/category/stem-scientists/', 'https://www.fau.eu/2022/10/14/stem-scientists/from-science-management-back-to-research/', 'https://www.fau.eu/2022/10/14/stem-scientists/from-science-management-back-to-research/', 'https://www.fau.eu/category/stem-scientists/', 'https://www.fau.eu/2022/10/14/stem-scientists/using-mathematics-to-understand-the-structure-of-soil/', 'https://www.fau.eu/2022/10/14/stem-scientists/using-mathematics-to-understand-the-structure-of-soil/', 'https://www.fau.eu/category/stem-scientists/', 'https://www.fau.eu/2022/10/12/stem-scientists/food-chemistry-a-subject-relevant-to-everyday-life/', 'https://www.fau.eu/2022/10/12/stem-scientists/food-chemistry-a-subject-relevant-to-everyday-life/', 'https://www.fau.eu/category/stem-scientists/', 'https://www.fau.eu/2022/10/07/stem-scientists/stem-because-of-the-good-career-prospects/', 'https://www.fau.eu/2022/10/07/stem-scientists/stem-because-of-the-good-career-prospects/', 'https://www.fau.eu/category/stem-scientists/', 'https://www.fau.eu/2022/10/07/stem-scientists/i-enjoy-working-interdisciplinary-and-as-part-of-a-team/', 'https://www.fau.eu/2022/10/07/stem-scientists/i-enjoy-working-interdisciplinary-and-as-part-of-a-team/', 'https://www.fau.eu/category/stem-scientists/', 'https://www.fau.eu/2022/10/07/stem-scientists/stem-instead-of-art-definitely-the-right-decision/', 'https://www.fau.eu/2022/10/07/stem-scientists/stem-instead-of-art-definitely-the-right-decision/', 'https://www.fau.eu/category/stem-scientists/', 'https://www.fau.eu/2022/10/07/stem-scientists/from-farm-life-to-plant-research-with-a-few-detours/', 'https://www.fau.eu/2022/10/07/stem-scientists/from-farm-life-to-plant-research-with-a-few-detours/', 'https://www.fau.eu/category/stem-scientists/', 'https://www.fau.eu/2022/10/07/stem-scientists/from-tropical-south-india-to-physical-chemistry-at-fau/', 'https://www.fau.eu/2022/10/07/stem-scientists/from-tropical-south-india-to-physical-chemistry-at-fau/', 'https://www.fau.eu/category/stem-scientists/', 'https://www.fau.eu/2022/10/07/stem-scientists/the-university-offers-more-freedom-than-the-business-world/', 'https://www.fau.eu/2022/10/07/stem-scientists/the-university-offers-more-freedom-than-the-business-world/', 'https://www.fau.eu/category/stem-scientists/', 'https://www.fau.eu/2022/07/21/stem-scientists/an-astrophysicist-who-originally-wanted-to-become-an-astronaut/', 'https://www.fau.eu/2022/07/21/stem-scientists/an-astrophysicist-who-originally-wanted-to-become-an-astronaut/', 'https://www.fau.eu/category/stem-scientists/', 'https://www.fau.eu/2022/07/21/stem-scientists/now-its-me-who-explains-technology-to-my-father/', 'https://www.fau.eu/2022/07/21/stem-scientists/now-its-me-who-explains-technology-to-my-father/', 'https://www.fau.eu/category/stem-scientists/', 'https://www.gender-und-diversity.fau.de', 'http://www.familienservice.uni-erlangen.de/', 'https://www.gender-und-diversity.fau.de/gender/forschung-und-lehre/', 'https://www.gender-und-diversity.fau.de/chancengleichheit/sexuelle-belaestigung/', 'https://www.gender-und-diversity.fau.de/diversity/antidiskriminierung/', 'https://www.gender-und-diversity.fau.de/diversity/diversitaetsdimensionen/behinderung/', 'https://www.fau.eu/press/', 'https://www.fau.eu/imprint', 'https://www.fau.eu/privacy', 'https://www.fau.eu/accessibility', 'https://www.fau.eu/reporting-errors/', 'https://www.facebook.com/fauenglish', 'https://instagram.com/uni_fau/', 'https://twitter.com/UniFAU', 'https://www.xing.com/communities/groups/friedrich-alexander-universitaet-erlangen-nuernberg-62a1-1070733', 'https://www.linkedin.com/school/fau-erlangen-nürnberg/', 'https://www.youtube.com/unifau', '#pagewrapper']